,0,1,2,3,4,5,6,7,8,9,10,11,12,13,14
0,Ni@Cu,-0.69,0.97,-2.21,1.11,1.08,8.87,5.30,1.41,0.67,7.73,1.24,1.90,1.90,1.00
1,Cu@Cu,-0.63,0.97,-2.25,1.05,1.13,10.94,5.30,1.41,0.67,7.73,1.24,1.90,1.90,1.00
2,Pd@Cu,-0.86,0.98,-1.66,0.97,0.47,8.60,5.30,1.41,0.67,7.73,1.24,1.90,2.03,1.00
3,Ag@Cu,-0.74,0.98,-1.90,0.88,0.06,15.15,5.30,1.41,0.67,7.73,1.24,1.90,1.91,1.00
4,Ir@Cu,-0.91,0.97,-2.10,1.13,0.26,8.42,5.30,1.41,0.67,7.73,1.24,1.90,2.03,1.00
5,Pt@Cu,-0.91,0.97,-1.85,1.09,0.03,8.18,5.30,1.41,0.67,7.73,1.24,1.90,2.06,1.00
6,Au@Cu,-0.86,0.98,-1.98,1.02,-0.42,10.94,5.30,1.41,0.67,7.73,1.24,1.90,2.16,1.00
7,Pd@Ag,-0.14,0.98,-3.64,1.22,1.97,11.27,5.01,1.59,0.89,7.58,1.30,1.93,2.05,2.26
8,Ag@Ag,-0.09,0.98,-3.92,1.10,2.38,16.87,5.01,1.59,0.89,7.58,1.30,1.93,1.93,2.26
9,Ir@Ag,-0.25,0.98,-3.81,1.36,1.65,9.62,5.01,1.59,0.89,7.58,1.30,1.93,2.05,2.26
10,Pt@Ag,-0.24,0.98,-3.69,1.28,1.75,10.39,5.01,1.59,0.89,7.58,1.30,1.93,2.08,2.26
11,Au@Ag,-0.15,0.98,-3.87,1.16,1.93,13.38,5.01,1.59,0.89,7.58,1.30,1.93,2.18,2.26
12,Cu@Au,-0.66,0.96,-3.88,1.90,0.85,5.14,6.01,1.59,1.01,9.23,2.31,2.54,2.23,3.35
13,Pd@Au,-0.27,0.97,-3.07,1.52,1.02,5.86,6.01,1.59,1.01,9.23,2.31,2.54,2.38,3.35
14,Ag@Au,-0.15,0.97,-3.21,1.34,1.22,8.47,6.01,1.59,1.01,9.23,2.31,2.54,2.25,3.35
15,Ir@Au,-0.37,0.96,-3.41,1.72,0.89,5.32,6.01,1.59,1.01,9.23,2.31,2.54,2.38,3.35
16,Pt@Au,-0.40,0.97,-3.17,1.59,0.91,5.62,6.01,1.59,1.01,9.23,2.31,2.54,2.42,3.35
17,Au@Au,-0.26,0.97,-3.18,1.41,0.92,7.01,6.01,1.59,1.01,9.23,2.31,2.54,2.54,3.35
18,Ni@Ni,-1.52,0.87,-1.32,1.33,0.36,5.23,5.77,1.38,0.71,7.64,1.16,1.91,1.91,1.16
19,Cu@Ni,-1.60,0.88,-1.01,1.22,0.39,7.10,5.77,1.38,0.71,7.64,1.16,1.91,1.91,1.16
20,Pd@Ni,-1.64,0.87,-1.13,1.22,0.06,5.79,5.77,1.38,0.71,7.64,1.16,1.91,2.03,1.16
21,Ag@Ni,-1.73,0.88,-0.77,1.05,-0.37,11.06,5.77,1.38,0.71,7.64,1.16,1.91,1.92,1.16
22,Ir@Ni,-1.59,0.87,-1.21,1.36,-0.31,6.48,5.77,1.38,0.71,7.64,1.16,1.91,2.03,1.16
23,Pt@Ni,-1.63,0.88,-1.24,1.34,-0.28,6.05,5.77,1.38,0.71,7.64,1.16,1.91,2.07,1.16
24,Au@Ni,-1.80,0.88,-0.87,1.19,-0.80,9.02,5.77,1.38,0.71,7.64,1.16,1.91,2.17,1.16
25,Cu@Pd,-0.84,0.93,-2.05,1.62,0.25,3.27,5.90,1.52,0.94,8.34,0.56,2.20,2.06,2.78
26,Pd@Pd,-1.28,0.92,-1.67,1.36,0.23,3.93,5.90,1.52,0.94,8.34,0.56,2.20,2.20,2.78
27,Ag@Pd,-1.12,0.93,-1.31,1.23,0.02,6.87,5.90,1.52,0.94,8.34,0.56,2.20,2.08,2.78
28,Ir@Pd,-1.18,0.91,-2.15,1.60,0.14,3.98,5.90,1.52,0.94,8.34,0.56,2.20,2.20,2.78
29,Pt@Pd,-1.31,0.92,-1.82,1.48,0.05,4.32,5.90,1.52,0.94,8.34,0.56,2.20,2.24,2.78
30,Au@Pd,-1.29,0.93,-1.35,1.35,-0.21,5.94,5.90,1.52,0.94,8.34,0.56,2.20,2.35,2.78
31,Cu@Pt,-1.11,0.89,-2.33,2.05,0.14,2.75,6.74,1.53,1.04,9.00,2.13,2.28,2.10,3.90
32,Pd@Pt,-1.66,0.88,-1.90,1.74,0.27,3.46,6.74,1.53,1.04,9.00,2.13,2.28,2.24,3.90
33,Ag@Pt,-1.59,0.90,-1.38,1.52,0.14,5.03,6.74,1.53,1.04,9.00,2.13,2.28,2.12,3.90
34,Ir@Pt,-1.49,0.88,-2.37,2.04,0.21,3.35,6.74,1.53,1.04,9.00,2.13,2.28,2.24,3.90
35,Pt@Pt,-1.70,0.88,-2.03,1.87,0.17,3.65,6.74,1.53,1.04,9.00,2.13,2.28,2.28,3.90
36,Au@Pt,-1.84,0.90,-1.46,1.64,-0.06,4.52,6.74,1.53,1.04,9.00,2.13,2.28,2.39,3.90
37,Cu-Sc@Cu,-0.63,0.97,-2.72,0.99,2.79,16.86,5.30,1.41,0.67,7.73,1.24,1.90,1.64,1.00
38,Cu-Ti@Cu,-0.69,0.97,-2.83,1.02,2.48,14.50,5.30,1.41,0.67,7.73,1.24,1.90,1.73,1.00
39,Cu-V@Cu,-0.81,0.97,-2.74,1.07,2.12,11.81,5.30,1.41,0.67,7.73,1.24,1.90,1.77,1.00
40,Cu-Cr@Cu,-1.17,0.97,-2.59,1.10,1.71,9.68,5.30,1.41,0.67,7.73,1.24,1.90,1.79,1.00
41,Cu-Co@Cu,-0.76,0.97,-2.34,1.08,1.28,9.60,5.30,1.41,0.67,7.73,1.24,1.90,1.89,1.00
42,Cu-Ni@Cu,-0.72,0.97,-2.14,1.07,1.25,9.36,5.30,1.41,0.67,7.73,1.24,1.90,1.90,1.00
43,Cu-Cu@Cu,-0.63,0.97,-2.26,1.06,1.11,10.84,5.30,1.41,0.67,7.73,1.24,1.90,1.90,1.00
44,Cu-Y@Cu,-0.73,0.97,-2.56,0.96,2.76,17.57,5.30,1.41,0.67,7.73,1.24,1.90,1.56,1.00
45,Cu-Zr@Cu,-0.84,0.97,-2.74,1.02,2.58,15.81,5.30,1.41,0.67,7.73,1.24,1.90,1.62,1.00
46,Cu-Nb@Cu,-1.05,0.97,-2.71,1.08,2.14,12.69,5.30,1.41,0.67,7.73,1.24,1.90,1.76,1.00
47,Cu-Mo@Cu,-1.18,0.97,-2.52,1.11,1.58,9.93,5.30,1.41,0.67,7.73,1.24,1.90,2.01,1.00
48,Cu-Ru@Cu,-0.87,0.97,-2.31,1.08,0.94,8.48,5.30,1.41,0.67,7.73,1.24,1.90,2.03,1.00
49,Cu-Rh@Cu,-0.81,0.97,-2.14,1.07,0.85,8.58,5.30,1.41,0.67,7.73,1.24,1.90,2.06,1.00
50,Cu-Pd@Cu,-0.75,0.97,-1.99,1.03,0.71,9.38,5.30,1.41,0.67,7.73,1.24,1.90,2.03,1.00
51,Cu-Ag@Cu,-0.64,0.98,-2.13,0.98,0.68,14.09,5.30,1.41,0.67,7.73,1.24,1.90,1.91,1.00
52,Cu-La@Cu,-0.69,0.97,-2.41,0.93,2.54,19.64,5.30,1.41,0.67,7.73,1.24,1.90,1.49,1.00
53,Cu-Ta@Cu,-1.01,0.97,-2.83,1.14,2.06,12.45,5.30,1.41,0.67,7.73,1.24,1.90,1.71,1.00
54,Cu-W@Cu,-1.18,0.97,-2.63,1.19,1.46,9.55,5.30,1.41,0.67,7.73,1.24,1.90,2.09,1.00
55,Cu-Re@Cu,-1.12,0.97,-2.64,1.21,0.96,8.28,5.30,1.41,0.67,7.73,1.24,1.90,1.90,1.00
56,Cu-Os@Cu,-0.90,0.97,-2.52,1.19,0.68,7.98,5.30,1.41,0.67,7.73,1.24,1.90,2.03,1.00
57,Cu-Ir@Cu,-0.78,0.97,-2.31,1.16,0.47,8.28,5.30,1.41,0.67,7.73,1.24,1.90,2.03,1.00
58,Cu-Pt@Cu,-0.79,0.97,-2.09,1.12,0.28,8.95,5.30,1.41,0.67,7.73,1.24,1.90,2.06,1.00
59,Cu-Au@Cu,-0.67,0.98,-2.08,1.04,0.13,12.70,5.30,1.41,0.67,7.73,1.24,1.90,2.16,1.00
60,Ag-Sc@Ag,-0.06,0.98,-4.49,1.17,3.84,22.63,5.01,1.59,0.89,7.58,1.30,1.93,1.65,2.26
61,Ag-Ti@Ag,-0.15,0.98,-4.41,1.16,3.51,20.02,5.01,1.59,0.89,7.58,1.30,1.93,1.75,2.26
62,Ag-Ni@Ag,-0.14,0.98,-3.73,1.20,2.66,14.40,5.01,1.59,0.89,7.58,1.30,1.93,1.92,2.26
63,Ag-Cu@Ag,-0.06,0.98,-4.01,1.18,2.61,15.30,5.01,1.59,0.89,7.58,1.30,1.93,1.92,2.26
64,Ag-Y@Ag,-0.11,0.98,-4.36,1.14,4.02,24.83,5.01,1.59,0.89,7.58,1.30,1.93,1.57,2.26
65,Ag-Zr@Ag,-0.13,0.97,-4.42,1.21,3.68,20.94,5.01,1.59,0.89,7.58,1.30,1.93,1.64,2.26
66,Ag-Nb@Ag,-0.24,0.97,-4.33,1.26,3.24,16.96,5.01,1.59,0.89,7.58,1.30,1.93,1.78,2.26
67,Ag-Pd@Ag,-0.15,0.98,-3.50,1.13,2.35,13.34,5.01,1.59,0.89,7.58,1.30,1.93,2.05,2.26
68,Ag-Ag@Ag,-0.09,0.98,-3.92,1.10,2.38,16.87,5.01,1.59,0.89,7.58,1.30,1.93,1.93,2.26
69,Ag-La@Ag,-0.12,0.98,-4.15,1.06,4.06,27.12,5.01,1.59,0.89,7.58,1.30,1.93,1.93,2.26
70,Ag-Ta@Ag,-0.27,0.97,-4.41,1.35,3.06,15.39,5.01,1.59,0.89,7.58,1.30,1.93,1.73,2.26
71,Ag-Pt@Ag,-0.23,0.98,-3.55,1.23,1.96,10.78,5.01,1.59,0.89,7.58,1.30,1.93,2.08,2.26
72,Ag-Au@Ag,-0.12,0.98,-3.86,1.17,1.88,13.13,5.01,1.59,0.89,7.58,1.30,1.93,2.18,2.26
73,Au-Cu@Au,-0.11,0.97,-3.40,1.45,1.41,7.73,6.01,1.59,1.01,9.23,2.31,2.54,2.23,3.35
74,Au-Y@Au,-0.10,0.96,-4.01,1.47,2.63,12.80,6.01,1.59,1.01,9.23,2.31,2.54,1.83,3.35
75,Au-Ru@Au,-0.47,0.96,-3.35,1.49,1.39,6.53,6.01,1.59,1.01,9.23,2.31,2.54,2.38,3.35
76,Au-Pd@Au,-0.39,0.97,-2.89,1.39,1.19,6.40,6.01,1.59,1.01,9.23,2.31,2.54,2.38,3.35
77,Au-Ag@Au,-0.18,0.97,-3.19,1.32,1.25,8.65,6.01,1.59,1.01,9.23,2.31,2.54,2.25,3.35
78,Au-La@Au,-0.11,0.96,-3.71,1.36,2.49,13.27,6.01,1.59,1.01,9.23,2.31,2.54,1.75,3.35
79,Au-Pt@Au,-0.51,0.97,-3.01,1.49,1.02,5.76,6.01,1.59,1.01,9.23,2.31,2.54,2.42,3.35
80,Au-Au@Au,-0.26,0.97,-3.18,1.41,0.92,7.01,6.01,1.59,1.01,9.23,2.31,2.54,2.54,3.35
81,Ni-Sc@Ni,-1.27,0.88,-1.22,1.28,1.46,7.33,5.77,1.38,0.71,7.64,1.16,1.91,1.64,1.16
82,Ni-Ti@Ni,-1.30,0.88,-1.36,1.33,1.19,6.16,5.77,1.38,0.71,7.64,1.16,1.91,1.74,1.16
83,Ni-V@Ni,-1.36,0.87,-1.43,1.36,0.90,5.19,5.77,1.38,0.71,7.64,1.16,1.91,1.78,1.16
84,Ni-Cr@Ni,-1.39,0.87,-1.53,1.38,0.67,4.78,5.77,1.38,0.71,7.64,1.16,1.91,1.79,1.16
85,Ni-Co@Ni,-1.45,0.87,-1.44,1.37,0.40,5.09,5.77,1.38,0.71,7.64,1.16,1.91,1.90,1.16
86,Ni-Ni@Ni,-1.52,0.87,-1.32,1.33,0.36,5.23,5.77,1.38,0.71,7.64,1.16,1.91,1.91,1.16
87,Ni-Cu@Ni,-1.54,0.88,-1.11,1.26,0.31,6.41,5.77,1.38,0.71,7.64,1.16,1.91,1.91,1.16
88,Ni-Y@Ni,-1.23,0.88,-1.10,1.20,1.37,7.88,5.77,1.38,0.71,7.64,1.16,1.91,1.56,1.16
89,Ni-Zr@Ni,-1.33,0.88,-1.19,1.27,1.23,7.16,5.77,1.38,0.71,7.64,1.16,1.91,1.63,1.16
90,Ni-Nb@Ni,-1.47,0.87,-1.27,1.37,1.02,6.38,5.77,1.38,0.71,7.64,1.16,1.91,1.77,1.16
91,Ni-Mo@Ni,-1.65,0.87,-1.35,1.40,0.64,5.57,5.77,1.38,0.71,7.64,1.16,1.91,2.02,1.16
92,Ni-Ru@Ni,-1.87,0.87,-1.35,1.36,0.03,5.36,5.77,1.38,0.71,7.64,1.16,1.91,2.03,1.16
93,Ni-Rh@Ni,-1.73,0.87,-1.30,1.34,0.00,5.40,5.77,1.38,0.71,7.64,1.16,1.91,2.07,1.16
94,Ni-Pd@Ni,-1.68,0.87,-1.22,1.27,0.03,5.82,5.77,1.38,0.71,7.64,1.16,1.91,2.03,1.16
95,Ni-Ag@Ni,-1.61,0.88,-1.08,1.18,0.04,8.36,5.77,1.38,0.71,7.64,1.16,1.91,1.92,1.16
96,Ni-Ta@Ni,-1.44,0.88,-1.35,1.43,0.96,6.34,5.77,1.38,0.71,7.64,1.16,1.91,1.72,1.16
97,Ni-W@Ni,-1.62,0.87,-1.43,1.50,0.63,5.73,5.77,1.38,0.71,7.64,1.16,1.91,2.10,1.16
98,Ni-Re@Ni,-1.75,0.87,-1.50,1.54,0.22,5.31,5.77,1.38,0.71,7.64,1.16,1.91,1.91,1.16
99,Ni-Os@Ni,-1.87,0.87,-1.50,1.53,-0.13,5.45,5.77,1.38,0.71,7.64,1.16,1.91,2.03,1.16
100,Ni-Ir@Ni,-1.80,0.87,-1.36,1.45,-0.38,6.06,5.77,1.38,0.71,7.64,1.16,1.91,2.03,1.16
101,Ni-Pt@Ni,-1.74,0.87,-1.28,1.36,-0.33,6.43,5.77,1.38,0.71,7.64,1.16,1.91,2.07,1.16
102,Ni-Au@Ni,-1.71,0.87,-1.08,1.24,-0.31,8.68,5.77,1.38,0.71,7.64,1.16,1.91,2.17,1.16
103,Pd-Sc@Pd,-0.48,0.92,-2.39,1.50,1.69,7.11,5.90,1.52,0.94,8.34,0.56,2.20,1.78,2.78
104,Pd-Ti@Pd,-0.53,0.93,-2.56,1.51,1.41,5.85,5.90,1.52,0.94,8.34,0.56,2.20,1.88,2.78
105,Pd-V@Pd,-0.61,0.91,-2.53,1.54,1.17,4.95,5.90,1.52,0.94,8.34,0.56,2.20,1.93,2.78
106,Pd-Mn@Pd,-0.68,0.92,-2.03,1.49,0.89,4.98,5.90,1.52,0.94,8.34,0.56,2.20,1.88,2.78
107,Pd-Co@Pd,-0.90,0.92,-2.06,1.47,0.58,4.31,5.90,1.52,0.94,8.34,0.56,2.20,2.05,2.78
108,Pd-Ni@Pd,-1.05,0.92,-1.90,1.43,0.55,4.25,5.90,1.52,0.94,8.34,0.56,2.20,2.07,2.78
109,Pd-Cu@Pd,-1.12,0.93,-1.64,1.38,0.38,4.28,5.90,1.52,0.94,8.34,0.56,2.20,2.06,2.78
110,Pd-Y@Pd,-0.55,0.92,-2.17,1.41,1.64,7.41,5.90,1.52,0.94,8.34,0.56,2.20,1.69,2.78
111,Pd-Zr@Pd,-0.62,0.92,-2.32,1.55,1.60,6.93,5.90,1.52,0.94,8.34,0.56,2.20,1.76,2.78
112,Pd-Nb@Pd,-0.72,0.92,-2.47,1.62,1.31,5.56,5.90,1.52,0.94,8.34,0.56,2.20,1.91,2.78
113,Pd-Mo@Pd,-0.79,0.91,-2.46,1.61,0.99,4.53,5.90,1.52,0.94,8.34,0.56,2.20,2.18,2.78
114,Pd-Ru@Pd,-1.09,0.91,-2.16,1.51,0.49,3.74,5.90,1.52,0.94,8.34,0.56,2.20,2.20,2.78
115,Pd-Rh@Pd,-1.18,0.91,-1.99,1.47,0.40,3.84,5.90,1.52,0.94,8.34,0.56,2.20,2.24,2.78
116,Pd-Pd@Pd,-1.28,0.92,-1.67,1.36,0.23,3.93,5.90,1.52,0.94,8.34,0.56,2.20,2.20,2.78
117,Pd-Ag@Pd,-1.16,0.93,-1.40,1.28,-0.02,5.13,5.90,1.52,0.94,8.34,0.56,2.20,2.08,2.78
118,Pd-La@Pd,-0.50,0.92,-1.96,1.32,1.28,8.09,5.90,1.52,0.94,8.34,0.56,2.20,1.62,2.78
119,Pd-Ta@Pd,-0.74,0.92,-2.59,1.71,1.33,5.79,5.90,1.52,0.94,8.34,0.56,2.20,1.86,2.78
120,Pd-W@Pd,-0.80,0.91,-2.67,1.75,1.02,4.70,5.90,1.52,0.94,8.34,0.56,2.20,2.27,2.78
121,Pd-Os@Pd,-1.05,0.91,-2.50,1.71,0.42,3.71,5.90,1.52,0.94,8.34,0.56,2.20,2.20,2.78
122,Pd-Ir@Pd,-1.23,0.91,-2.23,1.63,0.21,3.76,5.90,1.52,0.94,8.34,0.56,2.20,2.20,2.78
123,Pd-Pt@Pd,-1.33,0.92,-1.82,1.49,0.03,4.01,5.90,1.52,0.94,8.34,0.56,2.20,2.24,2.78
124,Pd-Au@Pd,-1.31,0.93,-1.51,1.39,-0.19,5.01,5.90,1.52,0.94,8.34,0.56,2.20,2.35,2.78
125,Pt-Sc@Pt,-0.68,0.89,-2.46,1.90,1.31,5.16,6.74,1.53,1.04,9.00,2.13,2.28,1.81,3.90
126,Pt-Ti@Pt,-0.77,0.89,-2.70,1.90,1.11,4.51,6.74,1.53,1.04,9.00,2.13,2.28,1.92,3.90
127,Pt-V@Pt,-0.88,0.88,-2.65,1.93,0.90,3.93,6.74,1.53,1.04,9.00,2.13,2.28,1.96,3.90
128,Pt-Co@Pt,-1.18,0.88,-2.12,1.81,0.50,3.77,6.74,1.53,1.04,9.00,2.13,2.28,2.09,3.90
129,Pt-Ni@Pt,-1.36,0.88,-2.05,1.80,0.46,3.68,6.74,1.53,1.04,9.00,2.13,2.28,2.11,3.90
130,Pt-Cu@Pt,-1.44,0.89,-1.76,1.74,0.36,3.88,6.74,1.53,1.04,9.00,2.13,2.28,2.10,3.90
131,Pt-Y@Pt,-0.79,0.88,-2.33,1.80,1.31,5.54,6.74,1.53,1.04,9.00,2.13,2.28,1.73,3.90
132,Pt-Zr@Pt,-0.89,0.88,-2.51,1.95,1.28,5.14,6.74,1.53,1.04,9.00,2.13,2.28,1.79,3.90
133,Pt-Nb@Pt,-1.06,0.88,-2.60,2.02,1.04,4.24,6.74,1.53,1.04,9.00,2.13,2.28,1.95,3.90
134,Pt-Mo@Pt,-1.09,0.88,-2.59,2.01,0.78,3.64,6.74,1.53,1.04,9.00,2.13,2.28,2.23,3.90
135,Pt-Ru@Pt,-1.43,0.87,-2.32,1.88,0.42,3.34,6.74,1.53,1.04,9.00,2.13,2.28,2.24,3.90
136,Pt-Rh@Pt,-1.49,0.88,-2.19,1.84,0.36,3.45,6.74,1.53,1.04,9.00,2.13,2.28,2.28,3.90
137,Pt-Pd@Pt,-1.64,0.88,-1.86,1.71,0.28,3.65,6.74,1.53,1.04,9.00,2.13,2.28,2.24,3.90
138,Pt-Ag@Pt,-1.52,0.90,-1.56,1.62,0.23,4.47,6.74,1.53,1.04,9.00,2.13,2.28,2.12,3.90
139,Pt-La@Pt,-0.72,0.88,-2.05,1.69,1.01,5.86,6.74,1.53,1.04,9.00,2.13,2.28,1.65,3.90
140,Pt-Ta@Pt,-1.04,0.88,-2.74,2.15,1.07,4.36,6.74,1.53,1.04,9.00,2.13,2.28,1.89,3.90
141,Pt-W@Pt,-1.08,0.87,-2.76,2.16,0.80,3.71,6.74,1.53,1.04,9.00,2.13,2.28,2.32,3.90
142,Pt-Re@Pt,-1.20,0.88,-2.73,2.14,0.56,3.34,6.74,1.53,1.04,9.00,2.13,2.28,2.10,3.90
143,Pt-Os@Pt,-1.40,0.88,-2.65,2.10,0.37,3.27,6.74,1.53,1.04,9.00,2.13,2.28,2.24,3.90
144,Pt-Ir@Pt,-1.52,0.87,-2.41,2.01,0.25,3.39,6.74,1.53,1.04,9.00,2.13,2.28,2.24,3.90
145,Pt-Pt@Pt,-1.70,0.88,-2.03,1.87,0.17,3.65,6.74,1.53,1.04,9.00,2.13,2.28,2.28,3.90
146,Pt-Au@Pt,-1.67,0.89,-1.63,1.74,0.07,4.25,6.74,1.53,1.04,9.00,2.13,2.28,2.39,3.90
147,"Cu Sc@Cu 
3",-0.51,0.97,-2.38,0.91,2.41,16.40,5.30,1.41,0.67,7.73,1.24,1.90,1.76,1.00
148,"Cu Ti@Cu 
3",-0.52,0.97,-2.45,0.97,1.96,13.27,5.30,1.41,0.67,7.73,1.24,1.90,1.81,1.00
149,"Cu V@Cu 
3",-0.65,0.97,-2.34,1.00,1.78,12.24,5.30,1.41,0.67,7.73,1.24,1.90,1.84,1.00
150,"Cu Cr@Cu 
3",-0.66,0.97,-2.36,1.01,1.70,12.23,5.30,1.41,0.67,7.73,1.24,1.90,1.84,1.00
151,"Cu Mn@Cu 
3",-0.63,0.97,-2.38,1.01,1.55,12.33,5.30,1.41,0.67,7.73,1.24,1.90,1.82,1.00
152,"Cu Co@Cu 
3",-0.63,0.97,-2.19,1.07,1.19,9.91,5.30,1.41,0.67,7.73,1.24,1.90,1.90,1.00
153,"Cu Ni@Cu 
3",-0.66,0.97,-2.15,1.07,1.17,9.80,5.30,1.41,0.67,7.73,1.24,1.90,1.90,1.00
154,"Cu Cu@Cu 
3",-0.63,0.97,-2.26,1.06,1.11,10.84,5.30,1.41,0.67,7.73,1.24,1.90,1.90,1.00
155,"Cu Zn@Cu 
3",-0.70,0.98,-2.36,1.02,0.94,13.94,5.30,1.41,0.67,7.73,1.24,1.90,1.84,1.00
156,"Cu Ga@Cu 
3",-0.72,0.97,-2.53,1.06,0.85,15.36,5.30,1.41,0.67,7.73,1.24,1.90,1.88,1.00
157,"Cu Ge@Cu 
3",-0.80,0.97,-2.46,1.09,0.54,14.48,5.30,1.41,0.67,7.73,1.24,1.90,1.92,1.00
158,"Cu Y@Cu 
3",-0.49,0.97,-2.31,0.90,2.20,15.96,5.30,1.41,0.67,7.73,1.24,1.90,1.72,1.00
159,"Cu Zr@Cu 
3",-0.56,0.97,-2.39,0.93,2.37,15.68,5.30,1.41,0.67,7.73,1.24,1.90,1.76,1.00
160,"Cu Nb@Cu 
3",-0.51,0.97,-2.36,0.99,1.91,12.49,5.30,1.41,0.67,7.73,1.24,1.90,1.83,1.00
161,"Cu Mo@Cu 
3",-0.48,0.97,-2.27,1.03,1.51,10.49,5.30,1.41,0.67,7.73,1.24,1.90,1.95,1.00
162,"Cu Ru@Cu 
3",-0.67,0.97,-2.04,1.04,1.06,9.17,5.30,1.41,0.67,7.73,1.24,1.90,1.96,1.00
163,"Cu Rh@Cu 
3",-0.72,0.97,-1.98,1.04,0.99,9.29,5.30,1.41,0.67,7.73,1.24,1.90,1.98,1.00
164,"Cu Pd@Cu 
3",-0.70,0.97,-1.94,1.01,0.87,9.99,5.30,1.41,0.67,7.73,1.24,1.90,1.96,1.00
165,"Cu Ag@Cu 
3",-0.70,0.98,-2.09,0.96,0.77,13.51,5.30,1.41,0.67,7.73,1.24,1.90,1.91,1.00
166,"Cu In@Cu 
3",-0.75,0.98,-2.39,0.99,-0.21,29.99,5.30,1.41,0.67,7.73,1.24,1.90,1.87,1.00
167,"Cu La@Cu 
3",-0.60,0.97,-2.16,0.86,2.11,16.29,5.30,1.41,0.67,7.73,1.24,1.90,1.68,1.00
168,"Cu Ta@Cu 
3",-0.49,0.97,-2.47,1.03,1.90,12.33,5.30,1.41,0.67,7.73,1.24,1.90,1.80,1.00
169,"Cu W@Cu 
3",-0.46,0.97,-2.38,1.08,1.49,10.17,5.30,1.41,0.67,7.73,1.24,1.90,1.99,1.00
170,"Cu Re@Cu 
3",-0.49,0.97,-2.31,1.13,1.11,8.69,5.30,1.41,0.67,7.73,1.24,1.90,1.90,1.00
171,"Cu Os@Cu 
3",-0.65,0.97,-2.23,1.13,0.92,8.43,5.30,1.41,0.67,7.73,1.24,1.90,1.96,1.00
172,"Cu Ir@Cu 
3",-0.72,0.97,-2.09,1.10,0.78,8.59,5.30,1.41,0.67,7.73,1.24,1.90,1.96,1.00
173,"Cu Pt@Cu 
3",-0.74,0.97,-1.97,1.07,0.61,9.16,5.30,1.41,0.67,7.73,1.24,1.90,1.98,1.00
174,"Cu Au@Cu 
3",-0.72,0.98,-2.11,1.02,0.35,11.84,5.30,1.41,0.67,7.73,1.24,1.90,2.03,1.00
175,"Cu Tl@Cu 
3",-0.73,0.98,-2.31,0.98,-0.51,27.36,5.30,1.41,0.67,7.73,1.24,1.90,1.83,1.00
176,"Cu Pb@Cu 
3",-0.80,0.98,-2.27,0.92,0.77,19.57,5.30,1.41,0.67,7.73,1.24,1.90,1.99,1.00
177,"Ag Sc@Ag 
3",-0.05,0.98,-4.02,1.06,3.28,20.88,5.01,1.59,0.89,7.58,1.30,1.93,1.79,2.26
178,"Ag Ti@Ag 
3",-0.10,0.98,-4.01,1.09,2.96,18.67,5.01,1.59,0.89,7.58,1.30,1.93,1.84,2.26
179,"Ag V@Ag 
3",-0.12,0.98,-3.98,1.13,2.88,17.91,5.01,1.59,0.89,7.58,1.30,1.93,1.86,2.26
180,"Ag Cr@Ag 
3",-0.12,0.98,-4.03,1.13,2.88,18.26,5.01,1.59,0.89,7.58,1.30,1.93,1.87,2.26
181,"Ag Mn@Ag 
3",-0.12,0.98,-4.08,1.15,2.71,17.36,5.01,1.59,0.89,7.58,1.30,1.93,1.84,2.26
182,"Ag Co@Ag 
3",-0.11,0.98,-3.90,1.19,2.32,14.44,5.01,1.59,0.89,7.58,1.30,1.93,1.92,2.26
183,"Ag Ni@Ag 
3",-0.09,0.98,-3.85,1.20,2.29,14.31,5.01,1.59,0.89,7.58,1.30,1.93,1.93,2.26
184,"Ag Cu@Ag 
3",-0.08,0.98,-3.99,1.16,2.37,15.46,5.01,1.59,0.89,7.58,1.30,1.93,1.92,2.26
185,"Ag Zn@Ag 
3",-0.11,0.98,-4.10,1.14,2.28,16.76,5.01,1.59,0.89,7.58,1.30,1.93,1.86,2.26
186,"Ag Ga@Ag 
3",-0.14,0.98,-4.12,1.16,2.34,17.28,5.01,1.59,0.89,7.58,1.30,1.93,1.90,2.26
187,"Ag Ge@Ag 
3",-0.20,0.98,-3.92,1.13,2.25,17.64,5.01,1.59,0.89,7.58,1.30,1.93,1.95,2.26
188,"Ag Nb@Ag 
3",-0.07,0.98,-3.89,1.14,2.86,16.72,5.01,1.59,0.89,7.58,1.30,1.93,1.85,2.26
189,"Ag Ru@Ag 
3",-0.11,0.98,-3.65,1.18,2.24,13.22,5.01,1.59,0.89,7.58,1.30,1.93,1.99,2.26
190,"Ag Pd@Ag 
3",-0.08,0.98,-3.69,1.13,2.30,14.48,5.01,1.59,0.89,7.58,1.30,1.93,1.99,2.26
191,"Ag Ag@Ag 
3",-0.09,0.98,-3.92,1.10,2.38,16.87,5.01,1.59,0.89,7.58,1.30,1.93,1.93,2.26
192,"Ag Ta@Ag 
3",-0.02,0.97,-3.98,1.21,2.73,15.39,5.01,1.59,0.89,7.58,1.30,1.93,1.82,2.26
193,"Ag W@Ag 
3",-0.03,0.97,-3.89,1.24,2.47,13.65,5.01,1.59,0.89,7.58,1.30,1.93,2.02,2.26
194,"Ag Os@Ag 
3",-0.10,0.98,-3.74,1.24,2.10,11.95,5.01,1.59,0.89,7.58,1.30,1.93,1.99,2.26
195,"Ag Ir@Ag 
3",-0.14,0.98,-3.66,1.22,2.09,12.20,5.01,1.59,0.89,7.58,1.30,1.93,1.99,2.26
196,"Ag Pt@Ag 
3",-0.12,0.98,-3.68,1.18,2.11,12.89,5.01,1.59,0.89,7.58,1.30,1.93,2.00,2.26
197,"Ag Au@Ag 
3",-0.11,0.98,-3.86,1.13,2.14,14.93,5.01,1.59,0.89,7.58,1.30,1.93,2.05,2.26
198,"Au Cu@Au 
3",-0.17,0.97,-3.34,1.48,1.09,6.97,6.01,1.59,1.01,9.23,2.31,2.54,2.38,3.35
199,"Au Zn@Au 
3",-0.24,0.97,-3.50,1.45,1.00,7.66,6.01,1.59,1.01,9.23,2.31,2.54,2.31,3.35
200,"Au Ga@Au 
3",-0.21,0.97,-3.53,1.47,1.12,8.26,6.01,1.59,1.01,9.23,2.31,2.54,2.36,3.35
201,"Au Pd@Au 
3",-0.30,0.97,-2.99,1.43,1.02,6.49,6.01,1.59,1.01,9.23,2.31,2.54,2.46,3.35
202,"Au Ag@Au 
3",-0.21,0.97,-3.17,1.37,1.07,7.67,6.01,1.59,1.01,9.23,2.31,2.54,2.39,3.35
203,"Au Pt@Au 
3",-0.36,0.97,-3.02,1.47,0.94,6.07,6.01,1.59,1.01,9.23,2.31,2.54,2.48,3.35
204,"Au Au@Au 
3",-0.26,0.97,-3.18,1.41,0.92,7.01,6.01,1.59,1.01,9.23,2.31,2.54,2.54,3.35
205,"Ni Sc@Ni 
3",-1.47,0.88,-0.94,1.18,1.08,6.70,5.77,1.38,0.71,7.64,1.16,1.91,1.77,1.16
206,"Ni Ti@Ni 
3",-1.52,0.88,-1.20,1.30,0.73,5.38,5.77,1.38,0.71,7.64,1.16,1.91,1.82,1.16
207,"Ni V@Ni 
3",-1.40,0.87,-1.52,1.37,0.59,5.02,5.77,1.38,0.71,7.64,1.16,1.91,1.84,1.16
208,"Ni Cr@Ni 
3",-1.53,0.87,-1.31,1.33,0.46,5.11,5.77,1.38,0.71,7.64,1.16,1.91,1.85,1.16
209,"Ni Co@Ni 
3",-1.47,0.87,-1.42,1.36,0.37,5.13,5.77,1.38,0.71,7.64,1.16,1.91,1.90,1.16
210,"Ni Ni@Ni 
3",-1.52,0.87,-1.32,1.33,0.36,5.23,5.77,1.38,0.71,7.64,1.16,1.91,1.91,1.16
211,"Ni Cu@Ni 
3",-1.52,0.87,-1.19,1.29,0.34,5.79,5.77,1.38,0.71,7.64,1.16,1.91,1.91,1.16
212,"Ni Zn@Ni 
3",-1.53,0.88,-1.15,1.27,0.28,7.68,5.77,1.38,0.71,7.64,1.16,1.91,1.85,1.16
213,"Ni Ga@Ni 
3",-1.56,0.88,-1.11,1.32,0.06,9.93,5.77,1.38,0.71,7.64,1.16,1.91,1.89,1.16
214,"Ni Ge@Ni 
3",-1.54,0.88,-1.19,1.38,-0.20,8.89,5.77,1.38,0.71,7.64,1.16,1.91,1.93,1.16
215,"Ni Y@Ni 
3",-1.49,0.88,-0.79,1.10,1.34,8.08,5.77,1.38,0.71,7.64,1.16,1.91,1.73,1.16
216,"Ni Zr@Ni 
3",-1.54,0.88,-1.04,1.23,0.92,6.07,5.77,1.38,0.71,7.64,1.16,1.91,1.76,1.16
217,"Ni Nb@Ni 
3",-1.35,0.87,-1.49,1.34,0.74,5.63,5.77,1.38,0.71,7.64,1.16,1.91,1.84,1.16
218,"Ni Mo@Ni 
3",-1.36,0.87,-1.52,1.37,0.51,5.25,5.77,1.38,0.71,7.64,1.16,1.91,1.96,1.16
219,"Ni Ru@Ni 
3",-1.52,0.87,-1.33,1.32,0.27,5.35,5.77,1.38,0.71,7.64,1.16,1.91,1.97,1.16
220,"Ni Rh@Ni 
3",-1.56,0.87,-1.30,1.32,0.26,5.41,5.77,1.38,0.71,7.64,1.16,1.91,1.99,1.16
221,"Ni Pd@Ni 
3",-1.61,0.87,-1.20,1.27,0.22,6.09,5.77,1.38,0.71,7.64,1.16,1.91,1.97,1.16
222,"Ni Ag@Ni 
3",-1.62,0.88,-1.10,1.22,0.18,7.75,5.77,1.38,0.71,7.64,1.16,1.91,1.91,1.16
223,"Ni In@Ni 
3",-1.63,0.89,-0.99,1.22,-0.48,18.37,5.77,1.38,0.71,7.64,1.16,1.91,1.88,1.16
224,"Ni Sn@Ni 
3",-1.63,0.89,-0.98,1.22,0.11,9.69,5.77,1.38,0.71,7.64,1.16,1.91,1.92,1.16
225,"Ni La@Ni 
3",-1.47,0.89,-0.75,1.07,1.32,8.28,5.77,1.38,0.71,7.64,1.16,1.91,1.69,1.16
226,"Ni Ta@Ni 
3",-1.33,0.87,-1.54,1.40,0.76,5.63,5.77,1.38,0.71,7.64,1.16,1.91,1.81,1.16
227,"Ni W@Ni 
3",-1.34,0.87,-1.60,1.43,0.52,5.20,5.77,1.38,0.71,7.64,1.16,1.91,2.00,1.16
228,"Ni Re@Ni 
3",-1.34,0.87,-1.59,1.46,0.26,4.87,5.77,1.38,0.71,7.64,1.16,1.91,1.91,1.16
229,"Ni Os@Ni 
3",-1.44,0.87,-1.45,1.43,0.07,5.10,5.77,1.38,0.71,7.64,1.16,1.91,1.97,1.16
230,"Ni Ir@Ni 
3",-1.58,0.87,-1.30,1.37,0.03,5.60,5.77,1.38,0.71,7.64,1.16,1.91,1.97,1.16
231,"Ni Pt@Ni 
3",-1.65,0.87,-1.25,1.33,0.05,6.16,5.77,1.38,0.71,7.64,1.16,1.91,1.99,1.16
232,"Ni Au@Ni 
3",-1.68,0.87,-1.12,1.27,-0.06,7.75,5.77,1.38,0.71,7.64,1.16,1.91,2.03,1.16
233,"Ni Tl@Ni 
3",-1.68,0.89,-0.97,1.21,-0.69,17.49,5.77,1.38,0.71,7.64,1.16,1.91,1.84,1.16
234,"Ni Pb@Ni 
3",-1.65,0.89,-0.91,1.15,-0.07,12.21,5.77,1.38,0.71,7.64,1.16,1.91,2.00,1.16
235,"Ni Bi@Ni 
3",-1.63,0.89,-1.04,1.23,-0.57,15.32,5.77,1.38,0.71,7.64,1.16,1.91,1.93,1.16
236,"Pd Sc@Pd 
3",-0.82,0.93,-1.72,1.39,1.04,5.49,5.90,1.52,0.94,8.34,0.56,2.20,1.98,2.78
237,"Pd Ti@Pd 
3",-0.94,0.93,-2.27,1.51,0.78,4.33,5.90,1.52,0.94,8.34,0.56,2.20,2.03,2.78
238,"Pd V@Pd 
3",-0.95,0.92,-2.19,1.51,0.64,4.06,5.90,1.52,0.94,8.34,0.56,2.20,2.06,2.78
239,"Pd Cr@Pd 
3",-0.99,0.92,-1.87,1.43,0.58,4.23,5.90,1.52,0.94,8.34,0.56,2.20,2.07,2.78
240,"Pd Mn@Pd 
3",-1.00,0.93,-1.75,1.41,0.53,4.39,5.90,1.52,0.94,8.34,0.56,2.20,2.04,2.78
241,"Pd Co@Pd 
3",-1.07,0.92,-1.95,1.48,0.35,3.80,5.90,1.52,0.94,8.34,0.56,2.20,2.12,2.78
242,"Pd Ni@Pd 
3",-1.17,0.92,-1.82,1.43,0.35,3.86,5.90,1.52,0.94,8.34,0.56,2.20,2.13,2.78
243,"Pd Cu@Pd 
3",-1.15,0.92,-1.72,1.40,0.31,3.95,5.90,1.52,0.94,8.34,0.56,2.20,2.13,2.78
244,"Pd Zn@Pd 
3",-1.04,0.93,-1.77,1.38,0.16,4.96,5.90,1.52,0.94,8.34,0.56,2.20,2.06,2.78
245,"Pd Ga@Pd 
3",-1.15,0.93,-1.85,1.48,0.06,6.81,5.90,1.52,0.94,8.34,0.56,2.20,2.11,2.78
246,"Pd Ge@Pd 
3",-1.01,0.93,-1.99,1.58,-0.16,6.31,5.90,1.52,0.94,8.34,0.56,2.20,2.16,2.78
247,"Pd Y@Pd 
3",-0.82,0.93,-1.51,1.31,1.45,7.46,5.90,1.52,0.94,8.34,0.56,2.20,1.93,2.78
248,"Pd Zr@Pd 
3",-0.89,0.93,-2.17,1.51,1.09,5.32,5.90,1.52,0.94,8.34,0.56,2.20,1.97,2.78
249,"Pd Nb@Pd 
3",-0.80,0.92,-2.59,1.58,0.87,4.56,5.90,1.52,0.94,8.34,0.56,2.20,2.05,2.78
250,"Pd Mo@Pd 
3",-0.94,0.92,-2.36,1.56,0.64,4.07,5.90,1.52,0.94,8.34,0.56,2.20,2.19,2.78
251,"Pd Rh@Pd 
3",-1.24,0.92,-1.82,1.41,0.32,3.84,5.90,1.52,0.94,8.34,0.56,2.20,2.22,2.78
252,"Pd Pd@Pd 
3",-1.28,0.92,-1.67,1.36,0.23,3.93,5.90,1.52,0.94,8.34,0.56,2.20,2.20,2.78
253,"Pd Ag@Pd 
3",-1.24,0.93,-1.53,1.29,0.15,4.68,5.90,1.52,0.94,8.34,0.56,2.20,2.14,2.78
254,"Pd In@Pd 
3",-1.14,0.93,-1.66,1.39,-0.47,13.27,5.90,1.52,0.94,8.34,0.56,2.20,2.10,2.78
255,"Pd Sn@Pd 
3",-1.02,0.93,-1.79,1.43,0.11,6.88,5.90,1.52,0.94,8.34,0.56,2.20,2.14,2.78
256,"Pd La@Pd 
3",-0.80,0.93,-1.48,1.25,1.59,8.21,5.90,1.52,0.94,8.34,0.56,2.20,1.89,2.78
257,"Pd Ta@Pd 
3",-0.76,0.91,-2.76,1.67,0.92,4.73,5.90,1.52,0.94,8.34,0.56,2.20,2.02,2.78
258,"Pd W@Pd 
3",-0.83,0.91,-2.67,1.68,0.71,4.16,5.90,1.52,0.94,8.34,0.56,2.20,2.23,2.78
259,"Pd Re@Pd 
3",-0.93,0.92,-2.45,1.65,0.47,3.74,5.90,1.52,0.94,8.34,0.56,2.20,2.13,2.78
260,"Pd Os@Pd 
3",-1.08,0.92,-2.20,1.59,0.32,3.61,5.90,1.52,0.94,8.34,0.56,2.20,2.20,2.78
261,"Pd Ir@Pd 
3",-1.20,0.92,-1.93,1.50,0.20,3.75,5.90,1.52,0.94,8.34,0.56,2.20,2.20,2.78
262,"Pd Pt@Pd 
3",-1.31,0.92,-1.72,1.42,0.13,3.96,5.90,1.52,0.94,8.34,0.56,2.20,2.22,2.78
263,"Pd Au@Pd 
3",-1.34,0.93,-1.54,1.35,0.02,4.63,5.90,1.52,0.94,8.34,0.56,2.20,2.27,2.78
264,"Pd Tl@Pd 
3",-1.23,0.93,-1.57,1.37,-0.62,12.30,5.90,1.52,0.94,8.34,0.56,2.20,2.06,2.78
265,"Pd Pb@Pd 
3",-1.04,0.93,-1.59,1.33,-0.11,9.09,5.90,1.52,0.94,8.34,0.56,2.20,2.23,2.78
266,"Pd Bi@Pd 
3",-0.99,0.94,-1.86,1.42,-0.57,11.88,5.90,1.52,0.94,8.34,0.56,2.20,2.16,2.78
267,"Pt Sc@Pt 
3",-1.23,0.89,-2.00,1.83,0.69,4.14,6.74,1.53,1.04,9.00,2.13,2.28,2.03,3.90
268,"Pt Ti@Pt 
3",-1.31,0.89,-2.45,1.96,0.56,3.62,6.74,1.53,1.04,9.00,2.13,2.28,2.09,3.90
269,"Pt V@Pt 
3",-1.37,0.88,-2.47,1.98,0.47,3.49,6.74,1.53,1.04,9.00,2.13,2.28,2.12,3.90
270,"Pt Cr@Pt 
3",-1.39,0.88,-2.23,1.92,0.41,3.58,6.74,1.53,1.04,9.00,2.13,2.28,2.12,3.90
271,"Pt Co@Pt 
3",-1.44,0.88,-2.25,1.95,0.28,3.46,6.74,1.53,1.04,9.00,2.13,2.28,2.18,3.90
272,"Pt Ni@Pt 
3",-1.51,0.88,-2.16,1.91,0.28,3.50,6.74,1.53,1.04,9.00,2.13,2.28,2.19,3.90
273,"Pt Cu@Pt 
3",-1.44,0.88,-2.03,1.88,0.26,3.61,6.74,1.53,1.04,9.00,2.13,2.28,2.19,3.90
274,"Pt Zn@Pt 
3",-1.38,0.89,-2.03,1.86,0.21,4.10,6.74,1.53,1.04,9.00,2.13,2.28,2.12,3.90
275,"Pt Ga@Pt 
3",-1.48,0.89,-2.12,1.95,0.15,4.66,6.74,1.53,1.04,9.00,2.13,2.28,2.17,3.90
276,"Pt Ge@Pt 
3",-1.52,0.89,-2.29,2.01,0.03,4.67,6.74,1.53,1.04,9.00,2.13,2.28,2.22,3.90
277,"Pt Y@Pt 
3",-1.24,0.89,-1.71,1.68,0.91,5.10,6.74,1.53,1.04,9.00,2.13,2.28,1.98,3.90
278,"Pt Zr@Pt 
3",-1.33,0.89,-2.19,1.89,0.72,3.97,6.74,1.53,1.04,9.00,2.13,2.28,2.02,3.90
279,"Pt Nb@Pt 
3",-1.20,0.88,-2.59,2.01,0.61,3.61,6.74,1.53,1.04,9.00,2.13,2.28,2.11,3.90
280,"Pt Mo@Pt 
3",-1.32,0.88,-2.55,2.00,0.48,3.41,6.74,1.53,1.04,9.00,2.13,2.28,2.25,3.90
281,"Pt Ru@Pt 
3",-1.57,0.88,-2.22,1.91,0.28,3.39,6.74,1.53,1.04,9.00,2.13,2.28,2.26,3.90
282,"Pt Rh@Pt 
3",-1.61,0.88,-2.12,1.87,0.25,3.50,6.74,1.53,1.04,9.00,2.13,2.28,2.28,3.90
283,"Pt Pd@Pt 
3",-1.65,0.88,-1.97,1.81,0.22,3.60,6.74,1.53,1.04,9.00,2.13,2.28,2.26,3.90
284,"Pt Ag@Pt 
3",-1.58,0.89,-1.79,1.74,0.18,4.01,6.74,1.53,1.04,9.00,2.13,2.28,2.20,3.90
285,"Pt In@Pt 
3",-1.45,0.89,-1.89,1.81,-0.17,7.59,6.74,1.53,1.04,9.00,2.13,2.28,2.16,3.90
286,"Pt Sn@Pt 
3",-1.43,0.90,-2.00,1.82,0.14,4.85,6.74,1.53,1.04,9.00,2.13,2.28,2.20,3.90
287,"Pt La@Pt 
3",-1.25,0.90,-1.56,1.54,0.96,5.53,6.74,1.53,1.04,9.00,2.13,2.28,1.94,3.90
288,"Pt Ta@Pt 
3",-1.15,0.88,-2.73,2.11,0.66,3.67,6.74,1.53,1.04,9.00,2.13,2.28,2.08,3.90
289,"Pt W@Pt 
3",-1.18,0.87,-2.72,2.13,0.51,3.38,6.74,1.53,1.04,9.00,2.13,2.28,2.30,3.90
290,"Pt Re@Pt 
3",-1.38,0.87,-2.58,2.10,0.35,3.26,6.74,1.53,1.04,9.00,2.13,2.28,2.19,3.90
291,"Pt Os@Pt 
3",-1.51,0.88,-2.40,2.03,0.27,3.33,6.74,1.53,1.04,9.00,2.13,2.28,2.26,3.90
292,"Pt Ir@Pt 
3",-1.62,0.88,-2.18,1.95,0.20,3.47,6.74,1.53,1.04,9.00,2.13,2.28,2.26,3.90
293,"Pt Pt@Pt 
3",-1.70,0.88,-2.03,1.87,0.17,3.65,6.74,1.53,1.04,9.00,2.13,2.28,2.28,3.90
294,"Pt Au@Pt 
3",-1.72,0.89,-1.80,1.77,0.13,4.01,6.74,1.53,1.04,9.00,2.13,2.28,2.34,3.90
295,"Pt Tl@Pt 
3",-1.56,0.89,-1.77,1.76,-0.30,7.25,6.74,1.53,1.04,9.00,2.13,2.28,2.11,3.90
296,"Pt Pb@Pt 
3",-1.43,0.90,-1.81,1.69,0.02,5.88,6.74,1.53,1.04,9.00,2.13,2.28,2.29,3.90
297,"Pt Bi@Pt 
3",-1.46,0.90,-1.91,1.73,-0.22,7.63,6.74,1.53,1.04,9.00,2.13,2.28,2.22,3.90
